code,name,postDate,postTime,anchorDate,entry,stop,D_barDate,D_barComplete,D_high,D_low,D_entryVsHighPct,D_entryVsPrevHighPct,D_nowBull,D_bodyEngulf,D_rangeEngulf,D_halfRecover,3DConfirmed_barDate,3DConfirmed_barComplete,3DConfirmed_high,3DConfirmed_low,3DConfirmed_entryVsHighPct,3DConfirmed_entryVsPrevHighPct,3DConfirmed_nowBull,3DConfirmed_bodyEngulf,3DConfirmed_rangeEngulf,3DConfirmed_halfRecover,3DLatest_barDate,3DLatest_barComplete,3DLatest_high,3DLatest_low,3DLatest_entryVsHighPct,3DLatest_entryVsPrevHighPct,3DLatest_nowBull,3DLatest_bodyEngulf,3DLatest_rangeEngulf,3DLatest_halfRecover,18DConfirmed_barDate,18DConfirmed_barComplete,18DConfirmed_high,18DConfirmed_low,18DConfirmed_entryVsHighPct,18DConfirmed_entryVsPrevHighPct,18DConfirmed_nowBull,18DConfirmed_bodyEngulf,18DConfirmed_rangeEngulf,18DConfirmed_halfRecover,18DLatest_barDate,18DLatest_barComplete,18DLatest_high,18DLatest_low,18DLatest_entryVsHighPct,18DLatest_entryVsPrevHighPct,18DLatest_nowBull,18DLatest_bodyEngulf,18DLatest_rangeEngulf,18DLatest_halfRecover
3374,精材,2026-10-08,13:18,2026-10-07,498.5,471.5,2026-10-07,True,499.5,475.5,-0.2,-5.943,True,False,False,False,2026-10-06,True,530.0,454.0,-5.943,7.9,True,False,False,False,2026-10-07,False,499.5,475.5,-0.2,-5.943,True,False,False,False,2026-10-01,True,496.0,403.0,0.504,15.661,True,False,False,False,2026-10-07,False,530.0,454.0,-5.943,0.504,True,False,False,False
4903,聯光通,2026-10-08,09:41,2026-10-07,50.4,46.8,2026-10-07,True,46.75,45.75,7.807,12.878,True,False,False,True,2026-10-06,True,46.45,42.5,8.504,13.514,False,False,False,False,2026-10-07,False,46.75,45.75,7.807,8.504,True,False,False,True,2026-10-01,True,44.4,33.15,13.514,28.736,True,False,True,True,2026-10-07,False,46.75,42.5,7.807,13.514,True,False,False,False
8086,宏捷科,2026-10-08,09:15,2026-10-07,151.0,140.0,2026-10-07,True,140.0,127.5,7.857,16.154,True,False,False,True,2026-10-06,True,132.0,116.0,14.394,29.614,True,False,False,False,2026-10-07,False,140.0,127.5,7.857,14.394,True,False,False,False,2026-10-01,True,116.5,103.5,29.614,19.841,True,False,False,False,2026-10-07,False,140.0,116.0,7.857,29.614,True,False,False,False
1569,濱川,2026-10-07,12:27,2026-10-06,74.4,70.9,2026-10-06,True,72.3,68.6,2.905,4.789,False,False,False,False,2026-10-06,True,72.3,63.1,2.905,12.217,True,False,False,True,2026-10-06,True,72.3,63.1,2.905,12.217,True,False,False,True,2026-10-01,True,68.0,45.4,9.412,54.678,True,False,False,False,2026-10-06,False,72.3,63.1,2.905,9.412,True,False,False,False
2466,冠西電,2026-10-05,09:36,2026-10-02,151.0,141.0,2026-10-02,True,141.0,130.5,7.092,11.029,True,False,False,False,2026-10-01,True,136.0,112.5,11.029,25.311,True,False,False,False,2026-10-02,False,141.0,130.5,7.092,11.029,True,False,False,False,2026-10-01,True,136.0,95.1,11.029,36.036,True,False,False,True,2026-10-02,False,141.0,130.5,7.092,11.029,True,False,False,False
3094,聯傑,2026-10-04,,2026-10-02,72.5,67.7,2026-10-02,True,73.0,67.9,-0.685,7.09,True,False,False,False,2026-10-01,True,67.7,52.7,7.09,25.433,True,True,False,True,2026-10-02,False,73.0,67.9,-0.685,7.09,True,False,False,False,2026-10-01,True,67.7,40.3,7.09,65.525,True,False,False,False,2026-10-02,False,73.0,67.9,-0.685,7.09,True,False,False,False
2409,友達,2026-10-02,,2026-10-01,41.35,38.7,2026-10-01,True,40.0,37.8,3.375,7.263,False,False,False,False,2026-10-01,True,40.0,33.8,3.375,12.824,True,False,False,True,2026-10-01,True,40.0,33.8,3.375,12.824,True,False,False,True,2026-10-01,True,40.0,26.35,3.375,43.328,True,False,False,True,2026-10-01,True,40.0,26.35,3.375,43.328,True,False,False,True
6533,晶心科,2026-10-02,,2026-10-01,345.0,323.0,2026-10-01,True,366.5,337.0,-5.866,3.448,True,False,False,False,2026-10-01,True,366.5,268.0,-5.866,23.878,True,False,False,False,2026-10-01,True,366.5,268.0,-5.866,23.878,True,False,False,False,2026-10-01,True,366.5,224.0,-5.866,25.3,True,False,False,False,2026-10-01,True,366.5,224.0,-5.866,25.3,True,False,False,False
6456,GIS-KY,2026-10-02,,2026-10-01,89.3,82.5,2026-10-01,True,92.0,86.1,-2.935,-6.688,False,False,False,False,2026-10-01,True,95.7,84.1,-6.688,8.242,True,False,False,False,2026-10-01,True,95.7,84.1,-6.688,8.242,True,False,False,False,2026-10-01,True,95.7,61.4,-6.688,15.226,True,False,True,True,2026-10-01,True,95.7,61.4,-6.688,15.226,True,False,True,True
3624,光頡,2026-09-20,,2026-09-18,137.0,133.5,2026-09-18,True,126.5,117.0,8.3,5.385,True,False,False,True,2026-09-16,True,129.5,117.0,5.792,10.04,True,False,False,False,2026-09-18,False,130.0,115.0,5.385,5.792,True,False,False,False,2026-09-03,True,99.4,80.3,37.827,19.13,True,False,False,False,2026-09-18,False,130.0,87.6,5.385,37.827,True,False,False,False
8103,瀚荃,2026-09-20,,2026-09-18,131.0,124.0,2026-09-18,True,130.5,122.5,0.383,-0.758,True,False,False,False,2026-09-16,True,124.0,108.5,5.645,11.966,True,True,True,True,2026-09-18,False,132.0,119.0,-0.758,5.645,True,False,False,False,2026-09-03,True,127.5,78.5,2.745,52.503,True,True,False,True,2026-09-18,False,132.0,108.5,-0.758,2.745,True,False,False,False
6224,聚鼎,2026-09-17,,2026-09-16,91.0,82.0,2026-09-16,True,89.1,85.2,2.132,2.825,True,False,False,False,2026-09-16,True,89.1,84.4,2.132,0.0,True,False,False,False,2026-09-16,True,89.1,84.4,2.132,0.0,True,False,False,False,2026-09-03,True,92.0,57.7,-1.087,37.879,True,False,False,True,2026-09-16,False,92.8,81.2,-1.94,-1.087,True,False,False,False
2489,瑞軒,2026-09-16,,2026-09-15,43.15,41.65,2026-09-15,True,39.6,37.4,8.965,6.807,False,False,False,False,2026-09-11,True,40.55,36.7,6.412,3.601,False,False,False,False,2026-09-15,False,40.4,36.2,6.807,6.412,True,False,False,False,2026-09-03,True,45.0,30.2,-4.111,17.735,True,True,False,True,2026-09-15,False,41.65,36.2,3.601,-4.111,False,False,False,False
3406,玉晶光,2026-09-15,,2026-09-14,973.0,875.0,2026-09-14,True,1020.0,954.0,-4.608,-14.649,False,False,False,False,2026-09-11,True,1140.0,980.0,-14.649,-9.065,True,False,False,True,2026-09-14,False,1020.0,954.0,-4.608,-14.649,False,False,False,False,2026-09-03,True,1090.0,533.0,-10.734,66.61,True,True,False,True,2026-09-14,False,1140.0,954.0,-14.649,-10.734,False,False,False,False
3443,創意,2026-09-14,,2026-09-11,6490.0,6330.0,2026-09-11,True,6200.0,5970.0,4.677,3.426,False,False,False,False,2026-09-11,True,6275.0,5850.0,3.426,6.393,True,False,False,False,2026-09-11,True,6275.0,5850.0,3.426,6.393,True,False,False,False,2026-09-03,True,6490.0,4615.0,0.0,34.787,True,False,False,False,2026-09-11,False,6275.0,5680.0,3.426,0.0,True,False,False,False
3605,宏致,2026-09-09,,2026-09-08,128.5,114.0,2026-09-08,True,132.5,120.0,-3.019,0.391,True,False,False,True,2026-09-08,True,132.5,113.5,-3.019,-4.104,True,False,False,True,2026-09-08,True,132.5,113.5,-3.019,-4.104,True,False,False,True,2026-09-03,True,141.0,106.5,-8.865,13.717,True,False,False,False,2026-09-08,False,132.5,113.5,-3.019,-8.865,True,False,False,False
8155,博智,2026-08-28,,2026-08-27,364.5,357.0,2026-08-27,True,374.5,353.0,-2.67,3.551,True,False,False,False,2026-08-26,True,352.0,310.0,3.551,9.955,True,False,False,False,2026-08-27,False,374.5,353.0,-2.67,3.551,True,False,False,False,2026-08-10,True,345.0,244.5,5.652,-11.85,False,False,False,False,2026-08-27,False,374.5,306.5,-2.67,5.652,True,True,False,True
3504,揚明光,2026-08-27,,2026-08-26,93.3,91.2,2026-08-26,True,87.0,81.0,7.241,14.198,True,False,False,False,2026-08-26,True,87.0,77.4,7.241,14.479,True,False,False,False,2026-08-26,True,87.0,77.4,7.241,14.479,True,False,False,False,2026-08-10,True,80.9,60.0,15.328,0.539,True,False,False,False,2026-08-26,False,87.0,73.0,7.241,15.328,True,False,False,False
3450,聯鈞,2026-08-25,,2026-08-24,527.0,516.0,2026-08-24,True,550.0,506.0,-4.182,-8.824,False,False,False,False,2026-08-21,True,593.0,529.0,-11.13,-12.167,True,False,False,False,2026-08-24,False,550.0,506.0,-4.182,-11.13,False,False,False,False,2026-08-10,True,527.0,330.0,0.0,-13.889,True,True,False,True,2026-08-24,False,600.0,472.0,-12.167,0.0,True,False,False,False
1709,和益,2026-08-24,,2026-08-21,34.65,33.95,2026-08-21,True,33.3,30.6,4.054,6.288,True,False,False,True,2026-08-21,True,33.85,30.1,2.363,3.898,True,False,False,False,2026-08-21,True,33.85,30.1,2.363,3.898,True,False,False,False,2026-08-10,True,28.6,22.55,21.154,22.438,False,False,False,False,2026-08-21,False,33.85,26.2,2.363,21.154,True,True,False,True
