date,time,code,entry,stop,name,market,industry,capitalB,anchorDate,close,ret5,ret20,rs20,rvol,rvol10,mom10,ma20Slope,ema20Slope5,breakoutPct,atrPct,volD,closePosition,ema20,ema50,ma20,ma60,volume,turnoverB,high5,high10,high20,high60,low5,low10,low20,range10Pct,range20Pct,vol5vs20,entryGapPrevClosePct,entryVsHigh5Pct,entryVsHigh10Pct,entryVsHigh20Pct,entryVsHigh60Pct,riskPct,riskATR,stopVsMA20Pct,stopVsLow5Pct,stopVsLow10Pct,aboveEMA20,emaBull,aboveMA20,maBull,ret5Pctile,ret20Pctile,rs20Pctile,rvolPctile,rvol10Pctile,mom10Pctile,ma20SlopePctile,ema20Slope5Pctile,breakoutPctPctile,atrPctPctile,volDPctile,closePositionPctile,turnoverBPctile,range10PctPctile,range20PctPctile,vol5vs20Pctile,invalidate
2026-10-08,13:18,3374,498.5,471.5,精材,上櫃,半導體業,27.1364316,2026-10-07,497.0,9.35093509350935,5.857294994675177,0.6168617489016759,0.9087260086116544,0.9318534231626688,12.189616252821667,2.974892355868697,4.359896760546023,-6.226415094339622,5.159528600172463,5.047318611987381,89.58333333333334,454.0757836772396,406.069537546731,460.375,384.325,8248117.0,40.99314149,530.0,530.0,530.0,530.0,450.0,436.5,407.0,21.420389461626566,30.22113022113022,0.7615640338908214,0.3018108651911433,-5.943396226415098,-5.943396226415098,-5.943396226415098,-5.943396226415098,5.416248746238716,1.052924791086351,2.416508281292429,4.77777777777777,8.018327605956465,True,True,True,True,92.4,75.3,75.3,55.3,57.0,90.9,87.7,90.4,37.0,88.7,83.6,82.8,96.8,88.9,85.6,22.6,
2026-10-08,09:41,4903,50.4,46.8,聯光通,上櫃,通信網路業,10.5343714,2026-10-07,46.75,8.97435509832938,28.08219178082192,22.841758535048417,1.1029008198893675,0.6279011590469746,13.059254474358672,4.803118196454292,5.844336543903594,0.6458541057762668,5.141331823478682,9.289617486338798,100.0,41.092996739590234,39.417240993486885,39.65749988555908,37.80083312988281,4545338.0,2.124945515,46.75,46.75,46.75,46.75,41.599998474121094,40.599998474121094,33.150001525878906,15.147787578856665,41.02563453429742,1.3305630255057046,7.807486631016047,7.807486631016047,7.807486631016047,7.807486631016047,7.807486631016047,7.142857142857145,1.4977704267584164,18.01046494371117,12.500004126475561,15.270940292844726,True,True,True,True,91.9,95.9,95.9,65.2,35.1,91.7,92.3,93.9,95.8,88.5,95.4,99.8,81.7,78.4,92.6,72.0,45.6
2026-10-08,09:15,8086,151.0,140.0,宏捷科,上櫃,半導體業,19.6516123,2026-10-07,140.0,22.2707423580786,24.444444444444446,19.204011198670944,5.320030073998979,3.786290602126438,27.853881278538807,2.4577226606538938,5.728398455388217,6.060606060606055,3.6734693877551026,9.803921568627452,100.0,117.63645564222446,118.74792988295134,113.6,116.03333333333333,19606666.0,27.4493324,140.0,140.0,140.0,140.0,111.5,107.5,103.5,30.232558139534895,35.26570048309179,2.600367570077911,7.857142857142851,7.857142857142851,7.857142857142851,7.857142857142851,7.857142857142851,7.28476821192053,2.138888888888889,23.239436619718322,25.560538116591935,30.232558139534895,True,False,True,False,98.7,94.6,94.6,97.1,95.8,98.0,85.6,93.8,99.1,74.2,97.2,99.8,95.9,95.1,89.7,97.3,
2026-10-07,12:27,1569,74.4,70.9,濱川,上櫃,電腦及週邊設備業,14.4247441,2026-10-06,70.0,7.692307692307687,43.73716407263339,36.70957537207069,1.9599737391592542,1.1442419025526358,26.126126126126124,9.201873177530938,8.635242049896984,-1.4084507042253502,5.556123694595025,5.53936317242243,37.83783226487575,59.39807480416015,53.12846864801378,57.70499954223633,48.28249975840251,7663655.0,5.3645585,72.30000305175781,72.30000305175781,72.30000305175781,72.30000305175781,61.29999923706055,57.599998474121094,47.650001525878906,25.52084195669073,51.731376152194656,1.407511168117397,6.2857142857142945,2.9045599717870685,2.9045599717870685,2.9045599717870685,2.9045599717870685,4.704301075268817,0.8999079708869656,22.866303721405966,15.660686594487782,23.09028103855666,True,True,True,True,89.5,98.2,98.2,84.8,65.1,97.8,98.3,97.5,87.1,91.9,85.8,47.7,89.3,91.8,96.2,75.5,
2026-10-05,09:36,2466,151.0,141.0,冠西電,上市,光電業,17.3458697,2026-10-02,141.0,24.229074889867853,35.57692307692308,30.570893377565284,1.3988291598556764,1.0871637239576772,35.57692307692308,5.528730102453339,8.296751346948206,3.6764705882353033,5.445795339412361,9.578544061302683,100.0,113.22791898021057,102.77920536697889,109.27499961853027,103.48333307902018,2447210.0,3.4505661,141.0,141.0,141.0,141.0,112.5,102.0,94.69999694824219,38.23529411764706,48.891240278563956,1.7380163856700317,7.092198581560294,7.092198581560294,7.092198581560294,7.092198581560294,7.092198581560294,6.622516556291391,1.302325581395349,29.032258514956766,25.333333333333343,38.23529411764706,True,True,True,True,98.7,97.5,97.5,76.0,62.5,98.5,95.6,97.1,97.3,91.9,96.2,100.0,86.3,97.5,96.0,90.3,
2026-10-04,,3094,72.5,67.7,聯傑,上市,半導體業,8.3117089,2026-10-02,70.30000305175781,29.46593745765107,70.6310722086069,65.6250425092491,2.56944635435334,1.8881668296773666,57.800234019479355,12.513291132009163,15.277504333819447,3.8404818622124415,6.0353589475708835,7.805600784468036,47.058867528239986,52.75072406365148,45.310628554176326,50.26249980926514,41.55249996185303,35118563.0,24.68835086073349,73.0,73.0,73.0,73.0,52.70000076293945,44.54999923706055,40.099998474121094,63.8608333336901,82.04489470769238,1.7950397054775418,3.1294407578082994,-0.6849315068493178,-0.6849315068493178,-0.6849315068493178,-0.6849315068493178,6.62068965517241,1.1313130295982585,34.69286298315095,28.462996242704207,51.96408789987426,True,True,True,True,99.3,99.6,99.6,91.0,84.9,99.8,99.5,99.5,97.4,95.6,93.2,39.7,95.9,99.6,99.2,91.4,
2026-10-02,,2409,41.35,38.7,友達,上市,光電業,754.7098972,2026-10-01,38.29999923706055,4.502039952212722,45.075756782123634,42.08362074805987,1.95432112042539,1.6484768265476126,37.27598480547265,8.880979173673719,9.104657253202575,-0.6485084434441735,5.8094002338191775,5.820107955934796,22.72726484566954,32.24912590108858,29.168478925830694,31.355000019073486,27.81666660308838,930513746.0,356.3867576187435,40.0,40.0,40.0,40.0,33.400001525878906,28.149999618530273,26.049999237060547,42.09591666803873,53.55086822072997,1.3087806628410517,7.963448625837466,3.3749999999999947,3.3749999999999947,3.3749999999999947,3.3749999999999947,6.408706166868194,1.1910111046866085,23.42529094708499,15.868258179612859,37.47779937632749,True,True,True,True,83.0,98.4,98.4,87.5,82.0,98.6,98.3,97.9,90.5,94.2,88.7,26.9,99.9,97.9,97.2,79.2,28.0
2026-10-02,,6533,345.0,323.0,晶心科,上市,半導體業,5.0650911,2026-10-01,366.5,44.007858546168954,43.25022327918471,40.25808724512095,5.469691075771083,3.84070898963744,63.25167037861916,4.297977445567391,9.863595590012686,9.895052473763123,5.340089651140129,9.792284866468842,100.0,273.9894846485003,253.93618407161915,263.62183532714846,243.13611297607423,16426687.0,60.203807855,366.5,366.5,366.5,366.5,249.5,224.5,224.0,63.25167037861916,63.616071428571416,2.6038041192167984,-5.866302864938611,-5.866302864938611,-5.866302864938611,-5.866302864938611,-5.866302864938611,6.3768115942028984,1.1240875912408759,22.523993355544558,29.45891783567134,43.87527839643652,True,True,True,True,99.9,98.4,98.4,97.4,95.5,99.8,93.7,98.3,99.8,91.3,96.6,100.0,98.2,99.6,98.5,97.7,285.0
2026-10-02,,6456,89.3,82.5,GIS-KY,上市,光電業,33.79398,2026-10-01,87.9000015258789,19.42935237530734,24.857954006672898,21.865817972609136,2.081550929030814,1.214587975902407,42.694811206540464,5.302640113594648,11.199376292182151,-8.150465696024822,5.517633702842938,6.852498990057773,30.50851841075874,74.80348698459017,70.68324401356915,71.59000072479247,67.64166666666667,20047925.0,17.62212638090706,95.69999694824219,95.69999694824219,95.69999694824219,95.69999694824219,75.5999984741211,62.20000076293945,61.400001525878906,53.85851410674418,55.863183338695045,2.7467476618841005,1.5927172352879992,-6.687562332633645,-6.687562332633645,-6.687562332633645,-6.687562332633645,7.614781634938407,1.4020618241623475,15.239557430859563,9.126986329557752,32.63665432164411,True,True,True,True,98.2,96.0,96.0,88.7,71.6,99.2,95.5,99.0,24.0,92.4,91.1,32.9,95.1,99.1,97.6,98.3,69.0
2026-09-20,,3624,137.0,133.5,光頡,上櫃,電子零組件業,11.7340842,2026-09-18,126.0,1.2048192771084265,43.50796767708929,39.181839001420855,1.012130082214251,0.6168789961828385,35.19313747399908,9.570301663663926,10.839947687119334,-3.076923076923077,7.3696145124716566,8.11965811965812,94.73684210526315,106.79953061045956,99.85681214299365,102.125,101.4400000890096,17146765.0,21.6049239,130.0,130.0,130.0,163.0,115.0,93.80000305175781,81.80000305175781,38.59274602397127,58.92419944990015,1.594811332295369,8.73015873015872,5.384615384615388,5.384615384615388,5.384615384615388,-15.95092024539877,2.5547445255474455,0.3769230769230769,30.722154222766207,16.086956521739125,42.32408918615511,True,True,True,True,50.1,98.5,98.5,55.3,23.9,99.2,99.2,99.4,70.8,97.7,92.4,74.3,94.9,98.7,98.6,89.9,
2026-09-20,,8103,131.0,124.0,瀚荃,上市,電子零組件業,7.8436671,2026-09-18,129.5,14.601769911504414,37.76595744680851,33.43982877114007,3.2183173065859445,4.526668051071971,5.714285714285716,8.131135330533068,5.09961448508971,-1.8939393939393923,6.012134583563155,7.755102040816326,87.5,114.18327234855903,103.70460011475112,116.7599998474121,95.27333323160808,19782026.0,25.61772367,132.0,132.0,132.0,132.0,108.5,108.5,88.19999694824219,21.658986175115214,49.659869123873854,1.1836867682828724,1.158301158301156,-0.7575757575757569,-0.7575757575757569,-0.7575757575757569,-0.7575757575757569,5.343511450381679,0.8990825688073395,6.200753821556604,14.28571428571428,14.28571428571428,True,True,True,True,96.3,98.2,98.2,92.2,95.5,87.5,98.8,97.0,82.1,92.9,91.9,70.2,95.5,91.1,96.8,78.1,
2026-09-17,,6224,91.0,82.0,聚鼎,上市,電子零組件業,8.5645361,2026-09-16,88.30000305175781,4.497045031666058,34.603666319583496,32.07780931241884,0.4720648322330955,0.3679930105673899,3.8823565314797692,7.364545193912031,5.239967275199264,-4.849137771569034,6.811195117148169,4.577466743629231,79.48730488809248,80.90992270258639,74.19717235437088,81.64000053405762,70.11166687011719,1098572.0,0.9700391095257568,91.0,92.80000305175781,92.80000305175781,92.80000305175781,83.30000305175781,79.5999984741211,66.4000015258789,16.582920641547737,39.759037528921894,0.7789844750582031,3.0577540825899696,0.0,-1.939658397159627,-1.939658397159627,-1.939658397159627,9.89010989010989,1.496437108868927,0.44095965652548585,-1.5606278560999165,3.0150773516147478,True,True,True,True,94.1,98.4,98.4,35.0,17.7,90.3,98.6,97.7,69.6,94.8,83.3,69.5,80.5,82.5,94.8,47.9,
2026-09-16,,2489,43.15,41.65,瑞軒,上市,光電業,61.0,2026-09-15,37.5,-4.21456312022932,20.578776656040088,20.131161331230807,0.37197675705916966,0.4743709757693443,-12.383176008263275,4.273675563567747,0.04991085665073669,-16.666666666666664,6.895236787341891,5.882344541403029,4.545391492519715,38.25888619339056,37.353790901662855,38.97750034332275,36.12666686375936,15590022.0,5.84625825,40.54999923706055,44.95000076293945,45.0,48.75,36.20000076293945,36.20000076293945,30.200000762939453,24.171270208806206,49.00661875221761,0.34720327690134617,15.066666666666674,6.411839240093475,-4.004451017548205,-4.11111111111111,-11.487179487179489,3.476245654692932,0.5801106072735752,6.856518845839932,15.055246193917494,15.055246193917494,False,True,False,True,25.3,96.6,96.6,22.3,29.1,6.5,96.2,73.5,12.4,94.3,90.4,31.2,92.8,93.5,96.8,4.4,
2026-09-15,,3406,973.0,875.0,玉晶光,上市,光電業,11.2743063,2026-09-14,954.0,-3.3434650455927084,41.124260355029584,41.11281178852384,0.7818437252412188,0.774306806263309,-5.074626865671639,13.870761356365957,10.045689730990759,-16.315789473684205,10.032943995208147,11.11111111111111,0.0,909.3646551243536,764.4500412425499,889.9,684.8583333333333,4677606.0,44.62436124,1140.0,1140.0,1140.0,1140.0,954.0,954.0,628.0,19.496855345911946,81.52866242038218,1.0834384681751312,1.991614255765195,-14.649122807017545,-14.649122807017545,-14.649122807017545,-14.649122807017545,10.071942446043165,1.0238805970149254,-1.6743454320710116,-8.280922431865822,-8.280922431865822,True,True,True,True,33.5,99.2,99.2,63.9,60.8,27.2,99.6,99.2,11.5,99.8,98.6,11.0,98.0,87.0,99.5,70.7,
2026-09-14,,3443,6490.0,6330.0,創意,上市,半導體業,13.4011911,2026-09-11,6120.0,5.335628227194489,11.985361390667881,11.169313393201396,0.7074662653008794,0.8803815120172777,1.74563591022443,4.05351170568562,3.582660871621335,-5.701078582434516,6.028244631185808,4.271356783919598,65.21739130434783,5740.004493027107,5203.85515750808,5833.5,4898.166666666667,1425347.0,87.2312364,6275.0,6490.0,6490.0,6490.0,5705.0,5680.0,5205.0,14.260563380281699,24.687800192122957,0.7842062154253489,6.045751633986929,3.426294820717124,0.0,0.0,0.0,2.465331278890601,0.43368828654404645,8.511185394703013,10.955302366345322,11.443661971830977,True,True,True,True,95.4,92.6,92.6,48.3,58.0,85.0,94.4,94.7,63.7,90.4,77.5,72.8,99.2,76.7,83.9,35.7,
2026-09-09,,3605,128.5,114.0,宏致,上市,電子零組件業,17.5270339,2026-09-08,124.0,-1.195219123505975,11.711711711711704,7.312263841657552,1.2608462457069654,1.0760272484926754,6.4377682403433445,2.8276007596539365,1.5330986385863499,-12.056737588652478,8.957373271889402,10.416666666666668,32.0,118.08466443242416,105.98764776422819,121.825,98.5716667175293,16787854.0,20.81693896,134.0,141.0,141.0,141.0,113.5,111.0,106.5,27.027027027027017,32.3943661971831,1.0911926804591616,3.629032258064524,-4.104477611940293,-8.865248226950351,-8.865248226950351,-8.865248226950351,11.284046692607005,1.305466237942122,-6.423147958136677,0.4405286343612369,2.7027027027026973,True,True,True,True,52.0,90.2,90.2,79.4,69.0,88.1,88.8,85.1,21.4,99.3,97.8,53.8,95.8,94.1,91.2,70.8,
2026-08-28,,8155,364.5,357.0,博智,上櫃,電子零組件業,6.23677,2026-08-27,364.5,12.326656394453007,46.9758064516129,31.845782510324078,3.4044039767582746,3.7963829088625403,14.263322884012531,4.640293773994308,3.204795062341148,3.5511363636363535,4.673721340388007,6.79886685552408,53.48837209302325,321.91276160644105,326.66930805739725,313.45,337.4583333333333,2356364.0,8.58894678,374.5,374.5,374.5,414.0,310.0,307.0,269.0,21.986970684039097,39.21933085501858,1.3046059887452366,0.0,-2.6702269692923886,-2.6702269692923886,-2.6702269692923886,-11.956521739130432,2.05761316872428,0.44025157232704404,13.893762960599787,15.161290322580644,16.286644951140072,True,False,True,False,95.6,94.4,94.4,96.3,96.8,95.2,90.6,91.9,97.6,80.5,89.4,62.9,91.3,89.2,89.5,84.8,
2026-08-27,,3504,93.3,91.2,揚明光,上市,光電業,11.4059785,2026-08-26,85.5999984741211,9.183669398100136,24.781341659086387,10.3119108379083,2.1316445847659464,3.254980050745384,12.483574494723037,5.48704430459046,3.406492184751553,2.5149682324803413,5.257009439504203,7.777781545380015,76.66664123535156,76.85158195893158,74.79730058594188,76.12999935150147,76.31666628519694,6991371.0,5.984613469320145,87.0,87.0,87.0,97.80000305175781,76.9000015258789,74.0,62.099998474121094,17.567567567567565,40.0966217998467,0.9683802103528975,8.99532904572049,7.241379310344831,7.241379310344831,7.241379310344831,-4.601229970694709,2.2508038585208943,0.4666666666666654,19.795088371035586,18.595576320383778,23.24324324324325,True,True,True,False,92.2,88.0,88.0,92.1,96.7,94.8,95.1,92.8,97.2,85.1,90.9,61.2,91.0,81.7,85.5,70.0,
2026-08-25,,3450,527.0,516.0,聯鈞,上市,半導體業,14.5681382,2026-08-24,507.0,-7.818181818181813,15.753424657534243,13.168000544258685,1.0045293317351822,1.1032677619707114,-3.244274809160308,5.858385640347974,5.735462822040072,-15.500000000000004,8.784164553395323,8.893280632411066,2.272727272727273,505.90114501416946,480.8471973932825,480.65,494.6666666666667,10225954.0,51.84558678,600.0,600.0,600.0,612.0,506.0,472.0,330.0,27.118644067796605,81.81818181818181,1.541358653611948,3.9447731755424043,-12.16666666666667,-12.16666666666667,-12.16666666666667,-13.888888888888884,2.0872865275142316,0.24699278267842822,7.354623946738803,1.976284584980248,9.322033898305083,True,True,True,False,5.6,93.1,93.1,77.5,77.5,29.6,97.0,96.5,9.0,99.2,95.3,24.5,98.0,94.7,98.5,92.8,
2026-08-24,,1709,34.65,33.95,和益,上市,化學工業,47.7016272,2026-08-21,33.29999923706055,9.719930209266003,26.857139950706845,23.262007717104808,2.2701638477150463,1.6182019944640076,19.784173204824683,4.902701094301021,8.128404396220823,-1.6248131812503064,6.510080104553147,9.803921446408522,100.0,28.94742305690796,26.03069222688006,27.76249990463257,24.597499974568684,15164234.0,5.049689806306076,33.849998474121094,33.849998474121094,33.849998474121094,33.849998474121094,30.100000381469727,26.200000762939453,22.549999237060547,29.198463696240616,50.110863057100175,1.435551746088956,4.054056438046394,2.3633724134153766,2.3633724134153766,2.3633724134153766,2.3633724134153766,2.020202020202008,0.32289958287814946,22.28725841196657,12.790696244975553,29.58014889840428,True,True,True,True,95.8,96.9,96.9,92.9,86.4,96.6,95.7,97.9,83.5,91.9,97.5,100.0,91.2,95.5,92.2,89.9,
